use Manejo_Empleados;

Insert into ciudades values (53234567, 'Bogota D.C');
insert into ciudades values (899999997, 'Medellin');
insert into ciudades values (9876543, 'cali');
insert into ciudades values (98123654, 'cartagena');
insert into ciudades values (1141003357, 'santa marta');
insert into ciudades values (6546363454, 'cucuta');
insert into ciudades values (54353445, 'Barranquilla');
insert into ciudades values (65465464, 'pererira');
insert into ciudades values (31231231, 'ibague');
insert into ciudades values (56754756, 'armenia');

Insert into departamento values (53234567, 'Bogota D.C');
insert into departamento values (899999997, 'Medellin');
insert into departamento values (9876543, 'cali');
insert into departamento values (98123654, 'cartagena');
insert into departamento values (1141003357, 'santa marta');
insert into departamento values (6546363454, 'cucuta');
insert into departamento values (54353445, 'Barranquilla');
insert into departamento values (65465464, 'pererira');
insert into departamento values (31231231, 'ibague');
insert into departamento values (56754756, 'armenia');

Insert into empelados values (53234567, 'Bogota D.C');
insert into empleados values (899999997, 'Medellin');
insert into empleados values (9876543, 'cali');
insert into empelados values (98123654, 'cartagena');
insert into emepleados values (1141003357, 'santa marta');
insert into empleados values (6546363454, 'cucuta');
insert into empleados values (54353445, 'Barranquilla');
insert into empleados values (65465464, 'pererira');
insert into empleados values (31231231, 'ibague');
insert into empleados values (56754756, 'armenia');